[
  {
    "company_id": 1,
    "company_name": "Apple",
    "headquarters_location": "Cupertino, California",
    "founded": 1977
  },
  {
    "company_id": 2,
    "company_name": "Amazon",
    "headquarters_location": "Seattle, Washington",
    "founded": 1994
  },
  {
    "company_id": 3,
    "company_name": "Meta",
    "headquarters_location": "Menlo Park, California",
    "founded": 2004
  },
  {
    "company_id": 4,
    "company_name": "Microsoft",
    "headquarters_location": "Redmond, Washington",
    "founded": 1975
  },
  {
    "company_id": 5,
    "company_name": "Netflix",
    "headquarters_location": "Los Gatos, California",
    "founded": 1997
  },
  {
    "company_id": 6,
    "company_name": "Tesla",
    "headquarters_location": "Palo Alto, California",
    "founded": 2003
  }
]