[
  {
    "ticker_id": 1,
    "ticker": "AAPL",
    "sector": "Information Technology",
    "industry": "Technology Hardware, Storage & Peripherals"
  },
  {
    "ticker_id": 2,
    "ticker": "AMZN",
    "sector": "Consumer Discretionary",
    "industry": "Internet & Direct Marketing Retail"
  },
  {
    "ticker_id": 3,
    "ticker": "FB",
    "sector": "Communication Services",
    "industry": "Interactive Media & Services"
  },
  {
    "ticker_id": 4,
    "ticker": "MSFT",
    "sector": "Information Technology",
    "industry": "Systems Software"
  },
  {
    "ticker_id": 5,
    "ticker": "NFLX",
    "sector": "Communication Services",
    "industry": "Movies & Entertainment"
  },
  {
    "ticker_id": 6,
    "ticker": "TSLA",
    "sector": "Consumer Discretionary",
    "industry": "Automobile Manufacturers"
  }
]